{
  "secret": "secret",
  "social-graph-service": {
    "addr": "social-graph-service",
    "port": 9090
  },
  "social-graph-mongodb": {
    "addr": "social-graph-mongodb",
    "port": 27017
  },
  "social-graph-redis": {
    "addr": "social-graph-redis",
    "port": 6379
  },
  "write-home-timeline-service": {
    "addr": "write-home-timeline-service",
    "port": 9090
  },
  "write-home-timeline-rabbitmq": {
    "addr": "write-home-timeline-rabbitmq",
    "port": 5672
  },
  "home-timeline-redis": {
    "addr": "home-timeline-redis",
    "port": 6379
  },
  "compose-post-service": {
    "addr": "compose-post-service",
    "port": 9090
  },
  "compose-post-redis": {
    "addr": "compose-post-redis",
    "port": 6379
  },
  "user-timeline-service": {
    "addr": "user-timeline-service",
    "port": 9090
  },
  "user-timeline-mongodb": {
    "addr": "user-timeline-mongodb",
    "port": 27017
  },
  "user-timeline-redis": {
    "addr": "user-timeline-redis",
    "port": 6379
  },
  "post-storage-service": {
    "addr": "post-storage-service",
    "port": 9090
  },
  "post-storage-mongodb": {
    "addr": "post-storage-mongodb",
    "port": 27017
  },
  "post-storage-memcached": {
    "addr": "post-storage-memcached",
    "port": 11211
  },
  "unique-id-service": {
    "addr": "unique-id-service",
    "port": 9090
  },
  "media-service": {
    "addr": "media-service",
    "port": 9090
  },
  "text-service": {
    "addr": "media-service",
    "port": 9090
  },
  "user-mention-service": {
    "addr": "user-mention-service",
    "port": 9090
  },
  "url-shorten-service": {
    "addr": "url-shorten-service",
    "port": 9090
  },
  "url-shorten-memcached": {
    "addr": "url-shorten-memcached",
    "port": 11211
  },
  "url-shorten-mongodb": {
    "addr": "url-shorten-mongodb",
    "port": 27017
  },
  "user-service": {
    "addr": "user-service",
    "port": 9090
  },
  "user-memcached": {
    "addr": "user-memcached",
    "port": 11211
  },
  "user-mongodb": {
    "addr": "user-mongodb",
    "port": 27017
  },
  "home-timeline-service": {
    "addr": "home-timeline-service",
    "port": 9090
  }
}